username,password,First Name,Last Name,street,city/zipcode,country,card number,expiration
pussinboots001,catlover123,Puss,In Boots,123 Fairy Tale Lane,San Ricardo/12345,Spain,1234 5678 9012 3456,05/25
kittysoftpaws,swordfighter456,Kitty,Softpaws,456 Golden Goose Street,San Ricardo/12345,Spain,2345 6789 0123 4567,06/26
humptydumpty,eggman789,Humpty,Dumpty,789 Beanstalk Avenue,San Ricardo/12345,Spain,3456 7890 1234 5678,07/27
jackandjill,bucketlist101,Jack,Horner,101 Nursery Rhyme Road,San Ricardo/12345,Spain,4567 8901 2345 6789,08/28
goldilocks,porridge456,Goldilocks,Gols,789 Three Bears Trail,San Ricardo/12345,Spain,5678 9012 3456 7890,09/29
mamabear,porridge123,Mama,Bear,123 Three Bears Trail,San Ricardo/12345,Spain,6789 0123 4567 8901,10/30
papabear,porridge789,Papa,Bear,456 Three Bears Trail,San Ricardo/12345,Spain,7890 1234 5678 9012,11/31
babybear,porridge234,Baby,Bear,789 Three Bears Trail,San Ricardo/12345,Spain,8901 2345 6789 0123,12/32
jackbeanstalk,giantkiller999,Jack,beanstalk,123 Beanstalk Avenue,San Ricardo/12345,Spain,9012 3456 7890 1234,01/33
littlered,hoodie123,Little,Red,456 Grandma's House Lane,San Ricardo/12345,Spain,0123 4567 8901 2345,02/34